{
    "name": "底部全局配置",
    "action": "public/Footer",
    "description": "底部全局配置",
    "is_public": "1",
    "order": 6.0,
    "more": {
        "vars": {
            "footer_desc": {
                "title": "底部第一栏描述",
                "value": "",
                "type": "textarea",
                "tip": ""
            },
            "footer_address": {
                "title": "底部第一栏地址",
                "value": "",
                "type": "text",
                "tip": ""
            },
            "footer_email": {
                "title": "底部第一栏邮箱",
                "value": "",
                "type": "text",
                "tip": ""
            },
            "footer_time": {
                "title": "底部第一栏工作时间",
                "value": "",
                "type": "text",
                "tip": ""
            },
            "footer_second_title": {
                "title": "底部第二栏标题",
                "value": "",
                "type": "text",
                "tip": ""
            },
            "footer_posts": {
                "title": "底部第二栏文章id",
                "value": "",
                "type": "text",
                "dataSource": {
                    "api": "portal/Category/index",
                    "multi": true
                },
                "tip": ""
            },
            "footer_contacts_title":{
                "title": "底部联系标题",
                "value": "",
                "type": "text",
                "tip": ""
            },
            "footer_contacts_array":{
                "title": "底部联系信息",
                "value": [],
                "type": "array",
                "item":{
                    "key": {
                        "title": "键",
                        "value": "",
                        "type": "text"
                    },
                    "value": {
                        "title": "值",
                        "value": "",
                        "type": "text"
                    }
                },
                "tip": ""
            },
            "footer_focus_title":{
                "title": "底部联系标题",
                "value": "",
                "type": "text",
                "tip": ""
            },
            "footer_contacts_qrcode":{
                "title": "底部联系二维码",
                "value": "",
                "type": "image",
                "tip": ""
            },
            "footer_copyright":{
                "title": "底部版权声明",
                "value": "",
                "type": "text",
                "tip": ""
            }
        }
    }
}
