{
    "name": "首页",
    "action": "portal/Index/index",
    "description": "首页模板文件",
    "order": 5.0,
    "more": {
        "vars": {
            "top_slide": {
                "title": "顶部幻灯片",
                "value": "",
                "type": "text",
                "dataSource": {
                    "api": "admin/Slide/index",
                    "multi": false
                },
                "placeholder": "请选择顶部幻灯片",
                "tip": "顶部幻灯片",
                "rule": {
                    "require": true
                }
            }
        },
        "widgets": {
            "features": {
                "title": "关于我们",
                "display": "1",
                "vars": {
                    "sub_name": {
                        "title": "企业名称",
                        "value": "企业名称",
                        "type": "text",
                        "placeholder": "请输入企业名称",
                        "tip": "",
                        "rule": {
                            "require": true
                        }
                    },
                    "sub_into": {
                        "title": "企业简介",
                        "value": "企业简介",
                        "placeholder": "请输入企业简介",
                        "type": "textarea"
                    },
                    "sub_url": {
                        "title": "链接",
                        "value": "#",
                        "type": "text",
                        "placeholder": "请输入链接",
                        "tip": "",
                        "rule": {
                            "require": true
                        }
                    },
                    "features": {
                        "title": "其他介绍",
                        "value": [
                            {
                                "title": "企业简介",
                                "content": "COMPANY PROFILE"
                            },
                            {
                                "title": "企业文化",
                                "content": "CORPORATE CULTURE"
                            },
                            {
                                "title": "企业理念",
                                "content": "CORPORATE CONCEPT"
                            }
                        ],
                        "type": "array",
                        "item": {
                            "title": {
                                "title": "标题",
                                "value": "",
                                "type": "text",
                                "rule": {
                                    "require": true
                                }
                            },
                            "icon": {
                                "title": "图标",
                                "value": "",
                                "type": "image"
                            },
                            "content": {
                                "title": "副标题",
                                "value": "",
                                "type": "text"
                            },
                            "url": {
                                "title": "链接",
                                "value": "",
                                "type": "text"
                            }
                        },
                        "tip": ""

                    }
                }
            },
            "last_case": {
                "title": "产品展示",
                "display": "1",
                "vars": {
                    "last_case_category_id": {
                        "title": "产品分类ID",
                        "value": "",
                        "type": "text",
                        "dataSource": {
                            "api": "portal/Category/index",
                            "multi": true
                        },
                        "placeholder": "请选择分类",
                        "tip": "",
                        "rule": {
                            "require": true
                        }
                    }
                }
            },
            "last_project": {
                "title": "案例展示",
                "display": "1",
                "vars": {
                    "last_project_category_id": {
                        "title": "案例分类ID",
                        "value": "",
                        "type": "text",
                        "dataSource": {
                            "api": "portal/Category/index",
                            "multi": true
                        },
                        "placeholder": "请选择分类",
                        "tip": "",
                        "rule": {
                            "require": true
                        }
                    }
                }
            },
            "last_news": {
                "title": "新闻资讯",
                "display": "1",
                "vars": {
                    "last_news_category_id": {
                        "title": "新闻资讯分类ID",
                        "value": "",
                        "type": "text",
                        "dataSource": {
                            "api": "portal/Category/index",
                            "multi": true
                        },
                        "placeholder": "请选择分类",
                        "tip": "",
                        "rule": {
                            "require": true
                        }
                    }
                }
            },
            "last_partner": {
                "title": "合作伙伴",
                "display": "1",
                "vars": {
                    "last_partner_category_id": {
                        "title": "合作伙伴分类ID",
                        "value": "",
                        "type": "text",
                        "dataSource": {
                            "api": "portal/Category/index",
                            "multi": true
                        },
                        "placeholder": "请选择分类",
                        "tip": "",
                        "rule": {
                            "require": true
                        }
                    }
                }
            }
        }
    }
}
